country_code,source_id,name,land_type,srid,source_date,review_status,wkt
DE,P-001,Wiese Nord,open_land,4326,2026-03-01,accepted,"POLYGON((10.2930 47.9810, 10.2970 47.9810, 10.2970 47.9840, 10.2930 47.9840, 10.2930 47.9810))"
DE,P-002,Gewerbebrache,industrial,4326,2026-03-01,accepted,"POLYGON((10.2860 47.9770, 10.2880 47.9770, 10.2880 47.9790, 10.2860 47.9790, 10.2860 47.9770))"
DE,P-003,Acker Sued,open_land,4326,2026-02-15,accepted,"POLYGON((10.2950 47.9740, 10.2980 47.9740, 10.2980 47.9765, 10.2950 47.9765, 10.2950 47.9740))"
DE,P-004,Moorwiese,peatland,4326,2026-02-15,accepted,"POLYGON((10.3100 47.9900, 10.3140 47.9900, 10.3140 47.9930, 10.3100 47.9930, 10.3100 47.9900))"
DE,P-005,Hochmoor West,peatland,4326,2026-01-20,accepted,"POLYGON((10.2500 47.9700, 10.2520 47.9700, 10.2520 47.9720, 10.2500 47.9720, 10.2500 47.9700))"
DE,P-006,Noch nicht geprueft,open_land,4326,2026-03-05,pending,"POLYGON((10.3200 47.9950, 10.3230 47.9950, 10.3230 47.9975, 10.3200 47.9975, 10.3200 47.9950))"
,P-007,Ohne Laenderkennung,open_land,4326,2026-03-01,accepted,"POLYGON((10.3200 47.9950, 10.3230 47.9950, 10.3230 47.9975, 10.3200 47.9975, 10.3200 47.9950))"
DE,P-008,Schleife,open_land,4326,2026-03-01,accepted,"POLYGON((10.3000 47.9900, 10.3050 47.9950, 10.3050 47.9900, 10.3000 47.9950, 10.3000 47.9900))"
DE,P-009,Ohne Koordinatensystem,open_land,,2026-03-01,accepted,"POLYGON((10.3200 47.9950, 10.3230 47.9950, 10.3230 47.9975, 10.3200 47.9975, 10.3200 47.9950))"
DE,P-010,Ohne Datum,open_land,4326,,accepted,"POLYGON((10.3200 47.9950, 10.3230 47.9950, 10.3230 47.9975, 10.3200 47.9975, 10.3200 47.9950))"
DE,P-011,UTM Beispiel,open_land,25832,2026-03-02,accepted,"POLYGON((594763 5315413, 594963 5315413, 594963 5315563, 594763 5315563, 594763 5315413))"
DE,P-012,Doppelt A,open_land,4326,2026-03-01,accepted,"POLYGON((10.3200 47.9950, 10.3230 47.9950, 10.3230 47.9975, 10.3200 47.9975, 10.3200 47.9950))"
DE,P-012,Doppelt B,open_land,4326,2026-03-01,accepted,"POLYGON((10.3200 47.9950, 10.3230 47.9950, 10.3230 47.9975, 10.3200 47.9975, 10.3200 47.9950))"
DE,P-013,Web Mercator,open_land,3857,2026-03-01,accepted,"POLYGON((1150000 6100000, 1150200 6100000, 1150200 6100150, 1150000 6100150, 1150000 6100000))"
DE,P-014,Wald,forest,4326,2026-03-01,accepted,"POLYGON((10.3200 47.9950, 10.3230 47.9950, 10.3230 47.9975, 10.3200 47.9975, 10.3200 47.9950))"
AT,P-001,Alm Ost,open_land,4326,2026-02-10,accepted,"POLYGON((10.3010 47.9700, 10.3040 47.9700, 10.3040 47.9725, 10.3010 47.9725, 10.3010 47.9700))"
AT,P-020,Moorgebiet AT,peatland,4326,2026-02-10,accepted,"POLYGON((10.3300 47.9600, 10.3330 47.9600, 10.3330 47.9625, 10.3300 47.9625, 10.3300 47.9600))"
